order_id,session_id,user_id,order_ts,gross_amount,discount_amount,shipping_amount,net_amount,payment_method
O0000001,S0000015,U000739,2026-01-12T14:51:51,4145.06,49.97,0.0,4095.09,UPI
O0000002,S0000060,,2025-11-19T07:56:21,4302.5,151.09,0.0,4151.41,NetBanking
O0000003,S0000073,,2025-12-08T05:40:42,7199.78,596.95,0.0,6602.83,NetBanking
O0000004,S0000081,U001896,2025-12-09T11:00:54,1262.26,75.4,117.27,1304.13,Wallet
O0000005,S0000084,U002032,2025-11-01T02:02:38,13486.98,1087.51,0.0,12399.47,UPI
O0000006,S0000099,U001732,2025-11-01T07:42:33,15390.66,1308.74,0.0,14081.92,COD
O0000007,S0000108,U000900,2025-10-25T19:37:15,8550.28,662.5,0.0,7887.78,Card
O0000008,S0000129,U000899,2026-01-11T12:40:27,4714.45,346.55,0.0,4367.9,NetBanking
O0000009,S0000154,,2026-01-04T13:54:35,7305.27,800.62,0.0,6504.65,Wallet
O0000010,S0000165,U000486,2025-12-15T13:59:08,7847.5,429.33,0.0,7418.17,Wallet
O0000011,S0000170,U000601,2025-10-26T20:08:08,5515.6,593.48,0.0,4922.12,Card
O0000012,S0000194,U001883,2025-12-27T19:04:46,5325.84,83.63,0.0,5242.21,Card
O0000013,S0000199,,2025-12-05T18:52:42,1175.83,150.72,73.49,1098.6,Wallet
O0000014,S0000210,,2025-12-24T13:48:46,6381.79,679.72,0.0,5702.07,COD
O0000015,S0000212,U002058,2025-12-14T08:53:35,6305.04,442.11,0.0,5862.93,UPI
O0000016,S0000214,U000816,2025-12-09T17:08:41,12398.07,916.77,0.0,11481.3,Card
O0000017,S0000232,U001851,2025-10-30T01:24:17,9975.91,336.48,0.0,9639.43,Card
O0000018,S0000233,U002028,2026-01-16T21:31:59,10736.71,0.0,0.0,10736.71,Card
O0000019,S0000253,U001569,2025-10-24T15:16:41,14907.5,673.46,0.0,14234.04,Card
O0000020,S0000367,U000257,2026-01-16T21:38:10,2492.46,157.43,0.0,2335.03,Wallet
O0000021,S0000369,U000478,2025-12-04T00:18:37,7310.93,543.87,0.0,6767.06,UPI
O0000022,S0000381,U001985,2026-01-01T11:04:40,10156.76,1010.37,0.0,9146.39,COD
O0000023,S0000398,U001342,2025-12-20T11:41:33,2844.6,105.5,0.0,2739.1,Card
O0000024,S0000418,U000554,2025-11-24T00:55:35,2019.44,114.25,0.0,1905.19,Wallet
O0000025,S0000440,U002170,2025-12-03T23:15:39,2385.74,246.07,0.0,2139.67,NetBanking
O0000026,S0000449,U001606,2026-01-03T17:32:43,11737.28,191.31,0.0,11545.97,UPI
O0000027,S0000459,U000962,2026-01-10T05:24:03,12162.84,705.99,0.0,11456.85,Card
O0000028,S0000464,U000417,2025-12-04T08:06:09,11102.4,1402.8,0.0,9699.6,UPI
O0000029,S0000472,,2025-10-31T03:23:27,11948.32,614.57,0.0,11333.75,UPI
O0000030,S0000476,U001922,2026-01-09T19:08:10,4106.69,430.0,0.0,3676.69,NetBanking
O0000031,S0000489,,2025-12-15T07:27:34,11250.42,569.38,0.0,10681.04,UPI
O0000032,S0000492,U000574,2025-10-25T11:05:02,10658.05,1573.96,0.0,9084.09,Wallet
O0000033,S0000513,U000891,2025-12-11T14:31:30,13310.55,1423.02,0.0,11887.53,UPI
O0000034,S0000523,,2025-12-11T00:54:47,896.95,74.18,118.2,940.97,Wallet
O0000035,S0000531,U001231,2025-12-24T02:38:13,11957.27,1283.05,0.0,10674.22,COD
O0000036,S0000544,U001066,2026-01-03T07:44:32,1269.09,68.46,93.11,1293.74,NetBanking
O0000037,S0000561,U000486,2025-11-18T20:49:30,18545.91,834.05,0.0,17711.86,COD
O0000038,S0000572,U000269,2025-11-17T12:31:43,15788.48,1018.19,0.0,14770.29,UPI
O0000039,S0000597,,2025-11-01T18:22:05,1224.26,167.0,67.62,1124.88,COD
O0000040,S0000607,U000040,2026-01-18T07:26:40,8334.52,617.84,0.0,7716.68,COD
O0000041,S0000634,U001498,2025-11-11T16:13:32,4119.56,654.46,0.0,3465.1,UPI
O0000042,S0000636,U000205,2025-11-23T19:54:59,3639.96,172.59,0.0,3467.37,Card
O0000043,S0000648,U001360,2025-12-29T22:15:01,3180.36,189.03,0.0,2991.33,UPI
O0000044,S0000652,,2025-11-25T16:31:09,6203.61,312.31,0.0,5891.3,Wallet
O0000045,S0000656,U001888,2025-11-22T18:55:38,3995.22,74.53,0.0,3920.69,UPI
O0000046,S0000667,U001953,2025-12-24T07:02:29,20646.03,937.91,0.0,19708.12,UPI
O0000047,S0000681,U000749,2025-11-12T10:51:02,7724.67,475.17,0.0,7249.5,NetBanking
O0000048,S0000689,,2025-12-15T17:33:57,2102.3,200.37,0.0,1901.93,UPI
O0000049,S0000692,U001298,2025-12-29T03:39:24,2863.94,280.76,0.0,2583.18,COD
O0000050,S0000726,U001182,2025-10-23T01:14:39,8028.26,571.14,0.0,7457.12,NetBanking
O0000051,S0000730,U000731,2025-11-28T14:04:43,13829.97,1490.68,0.0,12339.29,Card
O0000052,S0000732,U000746,2025-12-15T22:29:17,8049.68,759.84,0.0,7289.84,Wallet
O0000053,S0000745,U001245,2026-01-11T14:28:36,6731.26,912.3,0.0,5818.96,Wallet
O0000054,S0000752,U001955,2025-12-09T11:25:16,7175.74,646.22,0.0,6529.52,Card
O0000055,S0000776,U001280,2025-12-02T13:27:00,7622.86,456.1,0.0,7166.76,NetBanking
O0000056,S0000782,U000505,2025-11-26T05:37:11,5767.63,102.03,0.0,5665.6,NetBanking
O0000057,S0000785,,2025-11-29T11:38:49,3270.27,189.66,0.0,3080.61,Card
O0000058,S0000792,U000653,2025-11-13T23:23:15,8610.28,313.76,0.0,8296.52,COD
O0000059,S0000795,U002141,2025-10-27T16:38:24,2475.67,114.65,0.0,2361.02,Wallet
O0000060,S0000800,U000123,2026-01-14T22:52:55,14303.08,1221.52,0.0,13081.56,Card
O0000061,S0000815,U000165,2025-10-29T01:48:15,8897.9,704.87,0.0,8193.03,UPI
O0000062,S0000832,U001834,2026-01-10T02:16:28,2364.02,233.48,0.0,2130.54,UPI
O0000063,S0000838,U000797,2025-12-23T01:14:43,9723.22,717.12,0.0,9006.1,Card
O0000064,S0000839,U000336,2025-10-27T07:54:50,7175.75,228.77,0.0,6946.98,UPI
O0000065,S0000852,U001473,2025-11-12T07:53:45,1504.05,114.7,99.65,1489.0,Card
O0000066,S0000874,U001534,2025-11-06T03:28:19,4671.07,217.32,0.0,4453.75,Wallet
O0000067,S0000875,U001667,2026-01-04T06:37:16,3765.7,263.81,0.0,3501.89,Card
O0000068,S0000876,,2025-11-19T15:58:49,11048.32,1016.63,0.0,10031.69,COD
O0000069,S0000929,,2025-11-30T02:41:21,6045.87,147.04,0.0,5898.83,NetBanking
O0000070,S0000940,U000622,2026-01-18T12:58:28,8760.95,503.29,0.0,8257.66,UPI
O0000071,S0000965,U000691,2025-12-28T18:50:26,3121.68,362.36,0.0,2759.32,Wallet
O0000072,S0000992,,2025-12-23T06:06:11,14587.05,1621.38,0.0,12965.67,Card
O0000073,S0000997,,2026-01-18T03:43:47,13205.19,1290.75,0.0,11914.44,NetBanking
O0000074,S0001005,U000470,2025-12-14T21:08:44,4882.41,256.79,0.0,4625.62,COD
O0000075,S0001011,,2025-12-20T17:10:01,14032.56,1865.45,0.0,12167.11,UPI
O0000076,S0001033,U001143,2026-01-19T07:29:04,9967.89,1029.93,0.0,8937.96,Card
O0000077,S0001059,U001974,2025-11-14T07:34:30,13119.54,1345.8,0.0,11773.74,Card
O0000078,S0001076,U001573,2026-01-01T12:13:11,4769.41,347.1,0.0,4422.31,COD
O0000079,S0001096,U001567,2025-10-24T04:01:01,1590.06,154.82,83.94,1519.18,UPI
O0000080,S0001104,U001318,2025-11-06T22:24:34,3583.89,182.16,0.0,3401.73,Card
O0000081,S0001107,U001266,2026-01-07T14:09:01,11293.11,1413.75,0.0,9879.36,COD
O0000082,S0001143,U000564,2025-10-28T12:19:40,2292.21,215.89,0.0,2076.32,Wallet
O0000083,S0001156,,2026-01-01T09:08:25,5564.69,452.11,0.0,5112.58,NetBanking
O0000084,S0001157,U001417,2025-12-06T00:34:26,656.51,62.8,52.65,646.36,Card
O0000085,S0001158,U000169,2025-12-01T04:26:15,8276.51,222.03,0.0,8054.48,UPI
O0000086,S0001166,U000019,2025-12-21T04:16:33,8603.56,1048.0,0.0,7555.56,Wallet
O0000087,S0001177,U000796,2026-01-17T00:42:13,3448.3,192.96,0.0,3255.34,Card
O0000088,S0001182,U000638,2026-01-19T01:14:32,16020.81,1607.3,0.0,14413.51,COD
O0000089,S0001187,U001006,2025-12-30T14:22:05,10869.57,481.92,0.0,10387.65,NetBanking
O0000090,S0001194,U000301,2025-12-07T08:05:12,11941.93,936.82,0.0,11005.11,UPI
O0000091,S0001195,U000481,2026-01-05T22:31:20,11532.52,986.94,0.0,10545.58,UPI
O0000092,S0001203,U001135,2026-01-16T00:54:05,7303.42,646.59,0.0,6656.83,COD
O0000093,S0001206,U000616,2025-10-23T11:51:32,11010.44,336.32,0.0,10674.12,Card
O0000094,S0001216,U001583,2026-01-02T07:07:12,2405.2,258.59,0.0,2146.61,Card
O0000095,S0001219,U000967,2025-12-14T01:58:09,11564.94,819.53,0.0,10745.41,UPI
O0000096,S0001237,U001411,2025-11-22T20:13:23,6709.47,518.72,0.0,6190.75,Card
O0000097,S0001266,U000013,2025-12-04T17:09:01,6016.23,252.42,0.0,5763.81,UPI
O0000098,S0001285,U001276,2025-11-10T05:38:14,6622.62,546.22,0.0,6076.4,Card
O0000099,S0001307,U001041,2026-01-11T06:13:20,33330.77,1797.14,0.0,31533.63,UPI
O0000100,S0001324,U002192,2025-12-06T22:53:33,7330.21,961.46,0.0,6368.75,NetBanking
O0000101,S0001327,U000765,2025-12-22T04:54:50,11185.16,517.93,0.0,10667.23,UPI
O0000102,S0001330,U000093,2026-01-16T07:19:58,12031.4,1514.46,0.0,10516.94,UPI
O0000103,S0001369,U002120,2025-12-12T08:27:41,11721.61,150.2,0.0,11571.41,UPI
O0000104,S0001412,,2026-01-07T12:34:18,11363.24,1019.29,0.0,10343.95,Card
O0000105,S0001421,U001831,2025-11-28T16:50:19,7074.52,480.71,0.0,6593.81,UPI
O0000106,S0001431,U000067,2025-10-28T09:25:31,16425.26,1997.24,0.0,14428.02,UPI
O0000107,S0001444,U000568,2026-01-07T00:00:46,8235.92,1086.53,0.0,7149.39,Wallet
O0000108,S0001446,U001495,2025-12-03T13:23:23,8974.71,556.7,0.0,8418.01,UPI
O0000109,S0001469,U001648,2025-12-25T04:54:21,8640.66,951.66,0.0,7689.0,UPI
O0000110,S0001491,U000355,2026-01-07T06:14:07,4985.54,405.63,0.0,4579.91,COD
O0000111,S0001517,,2025-11-02T00:24:49,11853.4,747.33,0.0,11106.07,NetBanking
O0000112,S0001565,U000663,2025-11-22T06:41:29,9692.38,929.52,0.0,8762.86,NetBanking
O0000113,S0001583,,2025-11-22T05:11:13,12584.49,631.05,0.0,11953.44,Wallet
O0000114,S0001592,U000308,2026-01-07T02:13:21,10602.29,789.21,0.0,9813.08,UPI
O0000115,S0001603,U001821,2026-01-05T22:44:47,10560.83,953.98,0.0,9606.85,UPI
O0000116,S0001607,,2025-12-18T05:47:57,6438.04,403.71,0.0,6034.33,UPI
O0000117,S0001610,U001839,2026-01-15T18:30:14,1642.39,60.04,86.06,1668.41,Card
O0000118,S0001628,U001498,2025-11-22T01:43:29,1461.47,155.9,57.45,1363.02,Card
O0000119,S0001646,U000552,2025-12-06T03:15:08,10353.68,1231.5,0.0,9122.18,Card
O0000120,S0001654,U000955,2025-12-26T16:40:31,8491.44,661.4,0.0,7830.04,Wallet
O0000121,S0001657,U001195,2026-01-16T11:21:13,8289.96,833.62,0.0,7456.34,Card
O0000122,S0001685,U001941,2025-11-17T12:20:18,7931.36,601.21,0.0,7330.15,Card
O0000123,S0001686,U001883,2025-12-14T04:15:17,3029.16,122.28,0.0,2906.88,COD
O0000124,S0001687,U000767,2025-11-16T07:36:48,7035.64,598.17,0.0,6437.47,UPI
O0000125,S0001705,U001931,2025-12-24T22:01:04,4138.01,246.68,0.0,3891.33,Card
O0000126,S0001741,U000520,2026-01-05T17:46:30,9979.39,690.94,0.0,9288.45,UPI
O0000127,S0001742,U001032,2025-12-06T17:57:22,18268.5,640.02,0.0,17628.48,COD
O0000128,S0001745,U000670,2025-11-11T21:48:04,5987.64,547.05,0.0,5440.59,Card
O0000129,S0001768,U001632,2025-12-04T19:04:00,4399.7,306.11,0.0,4093.59,Card
O0000130,S0001770,U001384,2025-12-19T04:34:28,10612.44,596.14,0.0,10016.3,UPI
O0000131,S0001795,U000780,2026-01-07T19:11:51,7946.98,458.42,0.0,7488.56,NetBanking
O0000132,S0001799,U002070,2025-10-23T20:29:14,2877.45,226.54,0.0,2650.91,Wallet
O0000133,S0001856,U001399,2025-11-15T07:39:59,23457.6,1402.92,0.0,22054.68,Card
O0000134,S0001871,,2025-11-07T11:54:53,8998.37,902.25,0.0,8096.12,Wallet
O0000135,S0001876,U001605,2025-11-30T05:34:23,8146.37,409.51,0.0,7736.86,UPI
O0000136,S0001878,U002152,2026-01-04T08:58:07,4004.99,185.03,0.0,3819.96,NetBanking
O0000137,S0001889,,2025-12-29T03:59:41,2559.52,137.33,0.0,2422.19,UPI
O0000138,S0001913,U002113,2025-10-30T13:07:45,14753.08,1274.08,0.0,13479.0,UPI
O0000139,S0001917,U002023,2025-10-21T18:48:03,16571.25,1133.19,0.0,15438.06,UPI
O0000140,S0001923,U000360,2025-11-03T11:31:11,1665.31,110.16,73.88,1629.03,Card
O0000141,S0001924,U001114,2025-11-20T18:37:47,1647.56,166.15,112.4,1593.81,Wallet
O0000142,S0001930,U000336,2025-12-05T01:04:40,8824.22,413.32,0.0,8410.9,Card
O0000143,S0001945,U001382,2025-12-24T07:54:55,3162.4,217.17,0.0,2945.23,NetBanking
O0000144,S0001961,U002181,2025-12-11T02:48:12,11159.05,445.24,0.0,10713.81,Card
O0000145,S0001968,U001349,2025-12-29T22:18:38,8019.11,890.74,0.0,7128.37,Card
O0000146,S0001977,U002011,2025-12-20T16:52:29,9898.68,500.74,0.0,9397.94,Card
O0000147,S0001981,U000642,2025-12-30T08:18:32,4663.41,306.55,0.0,4356.86,NetBanking
O0000148,S0001987,U000235,2025-11-23T05:42:22,15079.67,1015.81,0.0,14063.86,NetBanking
O0000149,S0002001,U000692,2025-11-14T02:49:19,2982.36,170.61,0.0,2811.75,NetBanking
O0000150,S0002018,,2025-12-15T17:09:04,13561.98,967.19,0.0,12594.79,Wallet
O0000151,S0002032,U000727,2025-10-25T16:06:22,6077.34,413.84,0.0,5663.5,Card
O0000152,S0002035,U000347,2025-12-22T18:25:53,19355.87,663.41,0.0,18692.46,COD
O0000153,S0002037,,2025-11-06T17:34:47,2559.52,96.71,0.0,2462.81,UPI
O0000154,S0002043,U000652,2026-01-11T04:42:13,15883.22,1497.61,0.0,14385.61,UPI
O0000155,S0002058,U001766,2026-01-06T19:57:45,4372.36,288.37,0.0,4083.99,Card
O0000156,S0002059,U000987,2025-10-31T17:50:31,10468.58,537.0,0.0,9931.58,Wallet
O0000157,S0002065,,2025-11-21T15:11:42,1908.04,217.69,85.38,1775.73,Card
O0000158,S0002082,,2025-11-10T19:44:45,3933.41,166.34,0.0,3767.07,Card
O0000159,S0002087,U002113,2026-01-14T19:42:04,8095.14,663.71,0.0,7431.43,Card
O0000160,S0002089,U001728,2025-12-08T03:37:54,12354.15,555.25,0.0,11798.9,Wallet
O0000161,S0002113,U001938,2025-12-21T01:33:37,11654.21,790.11,0.0,10864.1,Card
O0000162,S0002117,U002167,2026-01-05T07:09:16,786.93,66.2,50.04,770.77,UPI
O0000163,S0002121,,2026-01-19T06:21:33,14409.59,1339.65,0.0,13069.94,Wallet
O0000164,S0002141,U000058,2025-11-30T03:40:46,14589.37,1370.91,0.0,13218.46,UPI
O0000165,S0002144,,2025-12-07T17:01:19,2864.29,191.96,0.0,2672.33,Wallet
O0000166,S0002150,,2025-12-17T14:53:36,2473.17,198.4,0.0,2274.77,NetBanking
O0000167,S0002160,U001127,2025-11-23T12:59:48,9449.09,581.09,0.0,8868.0,Card
O0000168,S0002167,,2025-12-08T08:06:04,3857.37,284.99,0.0,3572.38,UPI
O0000169,S0002180,,2025-12-22T09:58:12,1060.04,110.09,86.66,1036.61,UPI
O0000170,S0002186,U000768,2025-10-25T19:35:25,6792.32,511.27,0.0,6281.05,UPI
O0000171,S0002187,U001893,2025-12-16T06:21:15,8784.05,590.79,0.0,8193.26,Wallet
O0000172,S0002189,U001820,2026-01-04T05:53:32,4163.77,374.58,0.0,3789.19,COD
O0000173,S0002191,,2026-01-14T21:19:54,10197.84,416.26,0.0,9781.58,NetBanking
O0000174,S0002216,U001192,2025-11-26T21:36:38,8094.25,671.84,0.0,7422.41,UPI
O0000175,S0002234,U001055,2025-11-25T17:56:37,2752.47,237.55,0.0,2514.92,UPI
O0000176,S0002240,U001388,2025-11-03T00:57:22,13949.42,784.15,0.0,13165.27,UPI
O0000177,S0002247,U001304,2025-12-25T13:00:52,4838.1,392.8,0.0,4445.3,Wallet
O0000178,S0002264,U000635,2025-12-28T12:21:01,15809.35,810.99,0.0,14998.36,Wallet
O0000179,S0002267,U000347,2025-11-09T03:24:22,1609.26,92.81,118.96,1635.41,Card
O0000180,S0002274,U001909,2025-12-25T07:13:01,10488.16,696.23,0.0,9791.93,Card
O0000181,S0002278,U002063,2025-12-30T04:02:03,17193.46,1758.89,0.0,15434.57,Wallet
O0000182,S0002293,,2025-11-17T12:05:38,3113.2,201.22,0.0,2911.98,COD
O0000183,S0002295,,2025-11-07T10:12:03,6511.06,188.16,0.0,6322.9,UPI
O0000184,S0002298,U002193,2026-01-12T08:17:23,14599.54,1637.54,0.0,12962.0,UPI
O0000185,S0002299,U000227,2025-11-13T13:26:46,2844.6,226.96,0.0,2617.64,Wallet
O0000186,S0002317,U000187,2025-12-01T14:29:39,13821.37,997.22,0.0,12824.15,Card
O0000187,S0002330,U001651,2025-11-19T11:54:05,11767.31,880.79,0.0,10886.52,Card
O0000188,S0002346,U001078,2025-12-25T11:06:26,1991.86,69.21,109.59,2032.24,Card
O0000189,S0002351,U000268,2025-10-26T05:46:16,13326.66,1241.43,0.0,12085.23,NetBanking
O0000190,S0002383,U000417,2026-01-18T23:48:08,3065.32,267.73,0.0,2797.59,Card
O0000191,S0002386,U000215,2025-11-01T19:18:39,11871.9,817.8,0.0,11054.1,Card
O0000192,S0002388,U000680,2026-01-10T14:53:30,8184.95,594.86,0.0,7590.09,Card
O0000193,S0002400,U001827,2025-11-16T19:05:10,4078.11,157.24,0.0,3920.87,Card
O0000194,S0002408,U001481,2025-11-03T14:13:36,7206.87,430.76,0.0,6776.11,Card
O0000195,S0002419,U001534,2025-11-29T02:15:29,9206.87,657.32,0.0,8549.55,COD
O0000196,S0002424,U001192,2025-11-24T19:38:30,28193.77,1419.33,0.0,26774.44,UPI
O0000197,S0002433,,2026-01-03T03:33:14,6258.07,399.91,0.0,5858.16,Card
O0000198,S0002449,U000661,2025-12-18T05:15:03,17537.7,742.29,0.0,16795.41,Wallet
O0000199,S0002453,U002018,2025-10-26T12:56:45,7693.4,928.18,0.0,6765.22,Card
O0000200,S0002455,U001533,2025-12-29T22:49:47,10827.87,208.17,0.0,10619.7,NetBanking
O0000201,S0002469,U000970,2025-12-17T00:16:57,11259.28,1272.71,0.0,9986.57,UPI
O0000202,S0002476,U002191,2025-11-15T07:58:50,9995.77,355.07,0.0,9640.7,Card
O0000203,S0002499,U002160,2025-11-02T17:13:55,4377.71,531.45,0.0,3846.26,NetBanking
O0000204,S0002502,U000742,2025-11-12T20:34:27,7900.99,811.11,0.0,7089.88,Wallet
O0000205,S0002522,U002185,2025-12-05T05:10:39,6572.56,144.0,0.0,6428.56,COD
O0000206,S0002538,U000391,2025-12-05T11:09:40,16396.77,815.49,0.0,15581.28,Card
O0000207,S0002544,U000495,2025-12-21T21:54:50,3700.2,306.45,0.0,3393.75,UPI
O0000208,S0002559,U000969,2025-11-01T18:56:57,2435.22,265.79,0.0,2169.43,Wallet
O0000209,S0002561,U000494,2025-10-23T15:58:25,9323.89,559.58,0.0,8764.31,Card
O0000210,S0002564,,2025-12-23T19:21:01,2083.85,160.49,0.0,1923.36,Wallet
O0000211,S0002572,U001563,2025-12-25T08:54:28,9822.85,503.62,0.0,9319.23,Card
O0000212,S0002574,U000740,2025-12-06T02:22:14,2002.05,116.44,0.0,1885.61,Card
O0000213,S0002576,U000392,2025-10-25T15:12:32,10590.6,1150.48,0.0,9440.12,UPI
O0000214,S0002594,U000958,2025-12-09T17:12:47,9715.05,603.13,0.0,9111.92,Wallet
O0000215,S0002605,U001068,2025-10-25T01:35:24,11550.98,549.78,0.0,11001.2,UPI
O0000216,S0002614,U000311,2025-11-19T05:11:16,3524.94,286.02,0.0,3238.92,UPI
O0000217,S0002649,U000994,2026-01-14T13:45:51,2292.21,96.19,0.0,2196.02,Card
O0000218,S0002654,U001347,2025-11-04T04:53:51,5354.52,401.92,0.0,4952.6,COD
O0000219,S0002701,U002187,2025-10-26T08:23:37,13507.21,712.0,0.0,12795.21,UPI
O0000220,S0002707,U001610,2025-12-13T17:23:58,13563.06,908.37,0.0,12654.69,Wallet
O0000221,S0002711,U001593,2025-11-26T02:52:30,13474.32,1282.29,0.0,12192.03,COD
O0000222,S0002731,U000252,2025-10-22T10:11:15,1060.87,53.25,41.87,1049.49,Card
O0000223,S0002748,U001060,2026-01-05T06:49:27,5506.75,555.58,0.0,4951.17,Card
O0000224,S0002757,U000956,2025-11-30T21:41:20,7340.43,403.12,0.0,6937.31,NetBanking
O0000225,S0002777,U001952,2025-11-09T14:41:43,9079.9,1056.95,0.0,8022.95,Card
O0000226,S0002786,U001229,2026-01-16T09:25:01,7791.5,676.82,0.0,7114.68,NetBanking
O0000227,S0002795,U000509,2025-11-29T19:38:48,9794.22,1021.47,0.0,8772.75,UPI
O0000228,S0002817,U001865,2025-12-21T20:45:14,3971.31,346.06,0.0,3625.25,COD
O0000229,S0002829,,2025-12-10T01:49:21,12032.46,1036.53,0.0,10995.93,UPI
O0000230,S0002830,,2026-01-13T22:10:01,13160.68,528.45,0.0,12632.23,Card
O0000231,S0002835,,2025-10-22T11:10:40,2268.57,100.72,0.0,2167.85,Card
O0000232,S0002839,U001283,2025-12-10T17:57:43,2780.06,385.82,0.0,2394.24,NetBanking
O0000233,S0002847,U000454,2025-12-20T05:20:30,3614.5,253.5,0.0,3361.0,Card
O0000234,S0002861,,2025-12-05T22:55:07,13286.16,1372.54,0.0,11913.62,UPI
O0000235,S0002885,U000047,2026-01-17T14:03:09,5193.8,351.54,0.0,4842.26,Card
O0000236,S0002900,U001250,2025-12-30T21:55:11,10833.24,640.02,0.0,10193.22,UPI
O0000237,S0002909,U001728,2026-01-11T12:35:11,1373.78,80.37,108.18,1401.59,NetBanking
O0000238,S0002925,U000367,2025-12-03T08:43:38,8496.59,276.76,0.0,8219.83,Card
O0000239,S0002941,U000037,2025-11-29T23:36:12,5487.97,500.82,0.0,4987.15,UPI
O0000240,S0002949,,2025-12-06T22:09:03,5557.38,653.54,0.0,4903.84,Card
O0000241,S0002953,U001045,2026-01-09T23:45:09,7299.03,374.28,0.0,6924.75,UPI
O0000242,S0002960,U001452,2025-10-30T18:08:39,3556.57,378.43,0.0,3178.14,Card
O0000243,S0002983,U000572,2025-11-06T19:22:07,11355.17,936.24,0.0,10418.93,Card
O0000244,S0002986,U001826,2025-11-11T10:20:17,5119.04,349.24,0.0,4769.8,UPI
O0000245,S0002994,U001066,2025-12-27T11:05:45,25746.52,1629.73,0.0,24116.79,Wallet
O0000246,S0002997,U001667,2025-12-18T02:45:14,14306.65,1041.34,0.0,13265.31,Card
O0000247,S0003016,U000659,2025-11-21T12:16:17,6692.25,334.48,0.0,6357.77,COD
O0000248,S0003023,U001284,2025-11-13T16:50:29,19739.88,1819.67,0.0,17920.21,UPI
O0000249,S0003031,U001410,2026-01-17T00:38:25,3075.24,184.29,0.0,2890.95,NetBanking
O0000250,S0003055,U001327,2025-11-21T07:49:07,6047.5,383.9,0.0,5663.6,UPI
O0000251,S0003078,U001828,2025-12-09T23:01:46,3894.54,193.45,0.0,3701.09,UPI
O0000252,S0003080,U001422,2025-12-23T00:49:06,1777.2,172.75,59.56,1664.01,Card
O0000253,S0003115,U001840,2026-01-12T07:21:30,15791.54,490.05,0.0,15301.49,Wallet
O0000254,S0003121,,2025-11-14T08:20:47,5595.84,217.44,0.0,5378.4,Wallet
O0000255,S0003122,U000372,2025-11-09T01:18:34,4785.36,198.88,0.0,4586.48,NetBanking
O0000256,S0003124,U000017,2026-01-15T05:17:35,13413.11,984.36,0.0,12428.75,Wallet
O0000257,S0003148,U000168,2025-12-11T10:37:48,1942.15,241.28,117.35,1818.22,Card
O0000258,S0003149,U000853,2025-11-27T11:31:37,5237.28,514.3,0.0,4722.98,Card
O0000259,S0003154,U000741,2025-11-28T21:40:15,16750.62,1831.43,0.0,14919.19,Card
O0000260,S0003163,U000713,2025-12-17T04:51:03,9912.84,887.06,0.0,9025.78,UPI
O0000261,S0003168,U000719,2025-12-11T08:00:07,2971.9,381.41,0.0,2590.49,COD
O0000262,S0003174,U001841,2025-11-14T07:37:37,2371.38,213.78,0.0,2157.6,Wallet
O0000263,S0003177,,2025-11-05T21:59:19,759.8,42.14,57.25,774.91,NetBanking
O0000264,S0003178,U001180,2026-01-10T13:57:00,6774.57,474.58,0.0,6299.99,Card
O0000265,S0003179,,2025-11-01T01:32:16,5641.56,247.81,0.0,5393.75,UPI
O0000266,S0003203,U001561,2025-12-13T13:28:37,33557.83,1793.44,0.0,381172.68,Card
O0000267,S0003221,U002050,2026-01-12T21:19:20,7479.89,657.81,0.0,6822.08,COD
O0000268,S0003230,U000538,2025-11-06T14:00:22,11262.48,560.99,0.0,10701.49,Wallet
O0000269,S0003241,U001252,2025-12-27T06:08:49,2935.69,105.79,0.0,2829.9,Card
O0000270,S0003257,U001355,2026-01-05T08:48:13,6315.15,117.48,0.0,6197.67,UPI
O0000271,S0003264,U002000,2025-11-14T05:44:12,15049.28,940.38,0.0,14108.9,Card
O0000272,S0003266,U001803,2026-01-16T13:01:37,6153.16,230.82,0.0,5922.34,Card
O0000273,S0003282,U000554,2025-10-24T12:16:17,3448.9,207.07,0.0,3241.83,Card
O0000274,S0003291,U002142,2025-12-15T04:14:34,2568.39,140.18,0.0,2428.21,Card
O0000275,S0003299,U001902,2025-11-28T14:29:05,6887.62,365.69,0.0,6521.93,COD
O0000276,S0003306,U001962,2026-01-05T00:30:27,7227.03,327.0,0.0,6900.03,Card
O0000277,S0003307,U001750,2025-12-09T10:44:46,6082.99,640.14,0.0,5442.85,UPI
O0000278,S0003346,U001819,2025-10-30T02:30:23,10702.24,537.54,0.0,10164.7,UPI
O0000279,S0003371,U000194,2026-01-15T22:53:20,2967.29,119.28,0.0,2848.01,Wallet
O0000280,S0003392,U000846,2025-12-04T04:42:27,2804.94,242.71,0.0,2562.23,UPI
O0000281,S0003459,U000638,2025-12-30T08:25:23,8898.93,417.68,0.0,8481.25,UPI
O0000282,S0003492,U000831,2025-12-14T02:07:59,8966.27,766.27,0.0,8200.0,Card
O0000283,S0003512,U001863,2025-11-27T14:18:00,3466.09,309.49,0.0,3156.6,Wallet
O0000284,S0003514,U000798,2025-11-25T16:52:01,8318.16,991.42,0.0,7326.74,UPI
O0000285,S0003529,,2025-12-20T12:51:03,6973.25,425.24,0.0,6548.01,Card
O0000286,S0003550,,2026-01-18T16:56:04,1192.87,49.94,97.54,1240.47,Card
O0000287,S0003553,U001877,2026-01-12T07:29:11,6286.65,466.82,0.0,5819.83,Card
O0000288,S0003568,U002099,2025-11-22T22:55:02,6416.72,724.64,0.0,5692.08,UPI
O0000289,S0003584,U001768,2025-12-08T03:03:03,4384.41,212.9,0.0,4171.51,Card
O0000290,S0003586,U002080,2025-11-18T08:23:03,4816.83,136.59,0.0,4680.24,NetBanking
O0000291,S0003634,U000724,2026-01-11T04:06:52,1204.79,87.62,96.14,1213.31,Wallet
O0000292,S0003643,,2025-11-24T15:47:58,8632.63,487.69,0.0,8144.94,UPI
O0000293,S0003650,U002113,2025-10-27T00:07:57,4182.6,616.3,0.0,3566.3,Wallet
O0000294,S0003653,U001663,2026-01-05T18:04:02,2973.7,192.09,0.0,2781.61,Wallet
O0000295,S0003680,U000856,2025-10-24T16:50:38,9251.38,651.54,0.0,8599.84,NetBanking
O0000296,S0003707,U000944,2025-11-09T12:23:41,7888.11,855.49,0.0,7032.62,UPI
O0000297,S0003723,U002075,2025-11-17T08:51:17,17275.6,1073.69,0.0,16201.91,NetBanking
O0000298,S0003759,U000888,2025-12-17T07:11:17,2020.42,172.53,0.0,1847.89,UPI
O0000299,S0003773,U001688,2025-10-28T08:31:07,11589.97,1474.26,0.0,10115.71,UPI
O0000300,S0003794,,2025-11-21T16:19:36,4129.25,173.43,0.0,3955.82,NetBanking
O0000301,S0003802,U002186,2025-12-16T04:55:15,2288.64,265.11,0.0,2023.53,UPI
O0000302,S0003821,U002199,2025-12-06T08:51:50,3307.72,159.48,0.0,3148.24,Wallet
O0000303,S0003830,U000575,2025-12-09T04:07:46,3025.41,264.58,0.0,2760.83,Wallet
O0000304,S0003835,U001546,2025-10-30T23:30:56,15738.67,1455.47,0.0,14283.2,NetBanking
O0000305,S0003839,U000279,2025-10-28T03:54:51,12825.04,1031.02,0.0,11794.02,NetBanking
O0000306,S0003861,U000994,2026-01-16T13:06:14,3932.12,304.76,0.0,3627.36,Card
O0000307,S0003865,,2026-01-18T19:17:04,4262.28,418.3,0.0,3843.98,UPI
O0000308,S0003868,U000168,2025-10-23T11:12:57,3658.87,216.84,0.0,3442.03,Card
O0000309,S0003874,U002087,2025-11-28T10:36:07,5213.82,476.49,0.0,4737.33,UPI
O0000310,S0003907,U000624,2025-12-16T09:54:59,1713.51,92.35,59.74,1680.9,UPI
O0000311,S0003915,,2026-01-16T15:55:43,5499.75,285.89,0.0,5213.86,Wallet
O0000312,S0003916,U000445,2025-11-26T00:44:01,3221.23,179.39,0.0,3041.84,Wallet
O0000313,S0003929,U000770,2025-12-10T04:11:58,4026.24,407.39,0.0,3618.85,UPI
O0000314,S0003940,U001001,2026-01-14T07:26:26,2050.16,226.63,0.0,1823.53,Card
O0000315,S0003951,U001639,2025-11-03T19:27:48,1575.5,89.08,99.79,1586.21,UPI
O0000316,S0003984,,2025-12-04T13:23:27,5174.37,365.45,0.0,4808.92,Card
O0000317,S0003985,,2025-11-20T05:26:42,9868.22,675.19,0.0,9193.03,Card
O0000318,S0003986,U000738,2025-12-08T19:10:16,8987.18,358.86,0.0,8628.32,COD
O0000319,S0003991,U000313,2025-12-25T10:38:54,5173.74,0.0,0.0,5173.74,Card
O0000320,S0004016,U002045,2026-01-14T09:20:30,14923.16,1831.04,0.0,13092.12,UPI
O0000321,S0004022,U001342,2025-12-18T19:48:27,3401.49,271.77,0.0,3129.72,Wallet
O0000322,S0004027,U000799,2025-10-29T10:11:41,14223.76,871.61,0.0,13352.15,COD
O0000323,S0004033,,2026-01-18T18:19:13,14329.94,701.8,0.0,13628.14,UPI
O0000324,S0004044,U001709,2025-12-06T09:33:31,489.18,72.59,105.86,522.45,Card
O0000325,S0004066,U001429,2025-11-07T18:50:34,1869.24,78.54,73.86,1864.56,Wallet
O0000326,S0004069,U001692,2025-12-07T04:59:09,13217.02,975.76,0.0,12241.26,Card
O0000327,S0004071,U001239,2025-11-18T13:57:49,12265.47,576.37,0.0,11689.1,UPI
O0000328,S0004076,U001756,2025-11-20T17:25:44,2385.74,139.08,0.0,2246.66,NetBanking
O0000329,S0004092,U001703,2026-01-04T23:56:23,3025.41,227.16,0.0,2798.25,COD
O0000330,S0004093,U001025,2025-12-23T17:36:22,2154.05,131.62,0.0,2022.43,Wallet
O0000331,S0004129,U000612,2026-01-11T08:27:09,13730.95,1159.53,0.0,12571.42,Card
O0000332,S0004135,U001167,2025-12-19T17:24:20,6918.16,852.83,0.0,6065.33,NetBanking
O0000333,S0004143,U002103,2025-12-31T10:44:44,17692.22,593.28,0.0,17098.94,Card
O0000334,S0004150,U000256,2025-12-25T06:15:33,3448.9,229.88,0.0,3219.02,UPI
O0000335,S0004164,U001689,2026-01-11T14:50:30,2279.4,108.48,0.0,2170.92,Card
O0000336,S0004170,U001716,2025-11-30T14:56:35,6819.58,590.15,0.0,6229.43,Card
O0000337,S0004171,U001304,2025-11-30T01:39:18,2658.82,296.15,0.0,2362.67,UPI
O0000338,S0004172,U000758,2025-11-04T14:19:05,8243.94,404.16,0.0,7839.78,Wallet
O0000339,S0004179,,2025-11-28T17:15:28,12657.34,0.0,0.0,12657.34,UPI
O0000340,S0004184,U001363,2025-11-05T22:05:47,10283.9,1308.11,0.0,8975.79,Wallet
O0000341,S0004186,U001122,2025-12-30T16:51:53,6413.98,178.89,0.0,6235.09,UPI
O0000342,S0004196,U001495,2025-12-23T01:43:39,3153.22,152.44,0.0,3000.78,COD
O0000343,S0004204,U000178,2025-11-25T09:53:13,3259.82,120.0,0.0,3139.82,Wallet
O0000344,S0004208,U001567,2025-11-20T11:06:02,11192.72,1470.18,0.0,9722.54,COD
O0000345,S0004223,U000142,2025-12-16T23:21:24,5136.9,764.75,0.0,4372.15,Card
O0000346,S0004228,U001388,2025-12-28T10:30:08,5617.66,445.6,0.0,5172.06,UPI
O0000347,S0004253,U002120,2025-12-31T16:03:28,3527.49,132.36,0.0,3395.13,Wallet
O0000348,S0004261,,2026-01-04T10:47:11,9227.39,459.05,0.0,8768.34,Card
O0000349,S0004288,U001750,2025-12-14T09:49:43,4243.34,689.81,0.0,3553.53,UPI
O0000350,S0004337,U000897,2025-12-28T05:33:46,10021.21,723.85,0.0,9297.36,Card
O0000351,S0004351,U000249,2026-01-07T02:31:55,1114.38,83.27,81.02,1112.13,Card
O0000352,S0004354,U002192,2026-01-18T19:25:42,18086.45,1554.67,0.0,16531.78,Card
O0000353,S0004372,U001569,2025-11-29T18:28:58,4120.87,354.9,0.0,3765.97,COD
O0000354,S0004382,U000065,2025-12-01T23:31:23,2568.39,295.49,0.0,2272.9,Wallet
O0000355,S0004397,U001243,2025-11-07T09:52:13,13841.35,1591.76,0.0,12249.59,Card
O0000356,S0004407,U000776,2025-12-08T01:20:48,6741.17,434.01,0.0,6307.16,UPI
O0000357,S0004418,U001105,2026-01-16T15:30:55,5894.74,404.34,0.0,5490.4,COD
O0000358,S0004422,U001641,2025-11-26T17:41:13,3225.4,359.25,0.0,2866.15,UPI
O0000359,S0004439,U000198,2026-01-15T15:01:09,16313.93,246.67,0.0,16067.26,NetBanking
O0000360,S0004476,U001745,2025-12-09T08:49:35,11350.99,1158.17,0.0,10192.82,Wallet
O0000361,S0004482,,2025-11-10T21:42:52,4342.76,405.84,0.0,3936.92,UPI
O0000362,S0004501,U001483,2026-01-09T23:06:50,1760.7,118.21,118.49,1760.98,COD
O0000363,S0004534,U001936,2025-10-22T17:41:11,4352.51,185.65,0.0,4166.86,NetBanking
O0000364,S0004574,U001746,2026-01-04T08:32:18,8659.44,729.85,0.0,7929.59,NetBanking
O0000365,S0004575,U002180,2026-01-05T11:14:05,5393.95,114.79,0.0,5279.16,NetBanking
O0000366,S0004582,U001106,2025-11-26T18:13:11,1652.7,136.24,56.46,1572.92,UPI
O0000367,S0004596,U000476,2025-11-20T23:41:53,8364.07,528.86,0.0,7835.21,Card
O0000368,S0004620,U001710,2026-01-02T06:31:40,9199.92,1172.56,0.0,8027.36,COD
O0000369,S0004679,U000738,2025-11-21T06:25:05,11667.8,477.73,0.0,11190.07,COD
O0000370,S0004688,U001333,2025-12-10T07:00:50,4262.28,112.87,0.0,4149.41,NetBanking
O0000371,S0004706,U001712,2025-11-07T21:53:11,6182.76,274.91,0.0,5907.85,Card
O0000372,S0004715,U000908,2025-12-17T08:38:28,9833.08,659.12,0.0,9173.96,UPI
O0000373,S0004729,U001704,2025-12-11T10:08:51,14851.37,1865.67,0.0,12985.7,UPI
O0000374,S0004736,U002048,2025-11-26T07:37:38,2495.0,141.29,0.0,2353.71,Card
O0000375,S0004778,,2025-11-19T19:34:27,3004.54,290.19,0.0,2714.35,UPI
O0000376,S0004793,U002036,2025-12-21T08:44:45,8940.57,321.84,0.0,8618.73,UPI
O0000377,S0004807,U000246,2026-01-11T08:39:04,3578.61,221.72,0.0,3356.89,COD
O0000378,S0004814,U001443,2025-12-30T00:19:59,12874.61,1158.74,0.0,11715.87,Card
O0000379,S0004832,U001078,2026-01-16T05:39:14,9041.24,555.25,0.0,8485.99,UPI
O0000380,S0004844,U001223,2025-11-22T19:26:50,10481.75,270.81,0.0,10210.94,UPI
O0000381,S0004845,U000427,2026-01-18T01:31:12,5721.91,150.68,0.0,5571.23,COD
O0000382,S0004851,U002047,2026-01-08T15:30:55,11810.29,1027.54,0.0,10782.75,UPI
O0000383,S0004869,U002167,2026-01-13T03:29:09,1331.7,104.32,81.44,1308.82,Card
O0000384,S0004893,U000898,2025-11-18T02:00:40,8150.48,323.27,0.0,7827.21,NetBanking
O0000385,S0004898,U002083,2026-01-12T20:14:34,3146.63,160.04,0.0,2986.59,UPI
O0000386,S0004916,U001134,2025-12-26T16:58:52,23085.99,2216.77,0.0,20869.22,UPI
O0000387,S0004919,U000525,2025-11-19T21:16:20,13210.74,1487.93,0.0,11722.81,Wallet
O0000388,S0004920,,2025-11-21T06:12:15,5027.22,257.22,0.0,4770.0,Card
O0000389,S0004934,U000534,2025-12-28T23:43:37,10179.68,1153.74,0.0,9025.94,UPI
O0000390,S0004963,U001191,2025-10-31T11:26:53,4316.72,513.83,0.0,3802.89,Wallet
O0000391,S0004980,U001704,2025-12-08T23:23:56,12448.26,1742.55,0.0,10705.71,Wallet
O0000392,S0004984,U001188,2025-12-12T08:23:28,28357.68,3370.48,0.0,24987.2,UPI
O0000393,S0004992,U001022,2025-11-25T21:40:39,9572.85,258.53,0.0,9314.32,UPI
O0000394,S0005018,U000004,2025-11-06T14:06:09,9847.55,693.94,0.0,9153.61,Card
O0000395,S0005026,U001182,2025-10-24T12:12:31,4973.34,642.65,0.0,4330.69,UPI
O0000396,S0005043,U000503,2025-11-15T02:45:30,4247.64,129.66,0.0,4117.98,UPI
O0000397,S0005069,U000610,2025-12-08T14:49:35,23876.43,1507.22,0.0,22369.21,Wallet
O0000398,S0005070,,2025-12-10T21:40:56,1590.18,158.89,91.46,1522.75,Card
O0000399,S0005108,U002152,2025-10-26T16:00:14,5507.23,381.6,0.0,5125.63,Card
O0000400,S0005118,U001118,2026-01-12T19:44:02,12964.67,774.33,0.0,12190.34,UPI
O0000401,S0005123,,2025-12-01T01:45:24,9391.29,580.07,0.0,8811.22,Wallet
O0000402,S0005135,U000437,2025-10-30T06:59:19,2128.13,121.83,0.0,2006.3,Card
O0000403,S0005141,U000581,2025-11-11T09:04:19,1438.92,155.9,44.22,1327.24,COD
O0000404,S0005144,U001086,2025-12-13T19:39:25,8576.76,420.02,0.0,8156.74,Card
O0000405,S0005157,U001726,2025-11-02T20:01:46,22586.12,1934.58,0.0,20651.54,UPI
O0000406,S0005181,U001744,2025-12-12T07:43:19,4167.7,357.06,0.0,3810.64,UPI
O0000407,S0005209,U001926,2025-11-26T16:28:17,444.99,31.79,48.91,462.11,UPI
O0000408,S0005214,U000670,2025-12-19T03:20:38,1796.73,162.31,102.88,1737.3,NetBanking
O0000409,S0005215,U001536,2025-10-30T17:13:45,8367.52,1041.33,0.0,7326.19,UPI
O0000410,S0005258,U000943,2025-12-28T16:52:17,9952.48,251.71,0.0,9700.77,UPI
O0000411,S0005278,U000207,2025-12-27T04:54:16,12046.13,952.46,0.0,11093.67,UPI
O0000412,S0005282,U002087,2025-10-29T10:37:14,631.13,68.14,47.44,610.43,UPI
O0000413,S0005286,U001946,2026-01-09T19:28:25,8468.31,841.57,0.0,7626.74,UPI
O0000414,S0005289,U001172,2025-12-25T11:30:07,7071.94,346.06,0.0,6725.88,Card
O0000415,S0005296,U001870,2025-12-03T02:50:50,4460.55,224.88,0.0,4235.67,COD
O0000416,S0005319,,2025-11-17T20:34:11,3183.98,78.39,0.0,3105.59,UPI
O0000417,S0005332,U000250,2026-01-02T20:11:38,3865.97,477.95,0.0,3388.02,COD
O0000418,S0005341,U000450,2025-11-09T18:11:00,13992.49,539.04,0.0,13453.45,Wallet
O0000419,S0005356,U001221,2025-12-19T18:53:26,9582.08,672.91,0.0,8909.17,UPI
O0000420,S0005412,U001927,2025-11-28T22:30:51,1608.71,81.06,51.53,1579.18,Card
O0000421,S0005415,U001330,2025-11-11T20:43:06,11185.05,672.95,0.0,10512.1,COD
O0000422,S0005438,U001715,2025-12-31T04:43:18,6457.38,386.87,0.0,6070.51,Card
O0000423,S0005467,U001797,2025-11-03T16:25:51,612.13,21.41,91.47,682.19,Card
O0000424,S0005473,U001938,2025-11-08T00:51:47,3782.02,405.64,0.0,3376.38,Card
O0000425,S0005480,U000241,2025-11-24T19:13:57,11166.41,1143.29,0.0,10023.12,Wallet
O0000426,S0005483,U001407,2026-01-09T20:11:54,5136.58,339.57,0.0,4797.01,UPI
O0000427,S0005515,U001530,2026-01-06T19:24:35,14178.76,1446.81,0.0,12731.95,UPI
O0000428,S0005524,U002046,2025-11-29T16:00:35,12349.73,761.15,0.0,11588.58,NetBanking
O0000429,S0005565,,2025-11-07T04:54:22,8722.24,575.17,0.0,8147.07,Wallet
O0000430,S0005580,U000568,2025-10-27T11:23:51,5648.55,556.65,0.0,61102.8,UPI
O0000431,S0005581,U001753,2025-12-21T12:37:05,3075.24,190.37,0.0,2884.87,Wallet
O0000432,S0005593,U000995,2025-11-05T07:29:22,9254.45,447.35,0.0,8807.1,Wallet
O0000433,S0005615,U000157,2026-01-04T15:20:57,6353.34,294.5,0.0,6058.84,COD
O0000434,S0005618,,2025-12-14T06:12:22,5125.25,542.1,0.0,4583.15,Wallet
O0000435,S0005667,U001962,2025-11-16T13:35:33,7154.29,274.57,0.0,6879.72,Card
O0000436,S0005682,,2025-12-26T22:41:15,9356.42,433.64,0.0,8922.78,UPI
O0000437,S0005693,U000798,2025-12-12T15:53:11,2034.16,154.79,0.0,1879.37,Wallet
O0000438,S0005704,U000431,2026-01-03T12:08:29,529.77,32.83,66.03,562.97,Card
O0000439,S0005717,,2025-11-03T14:15:58,3700.2,368.84,0.0,3331.36,UPI
O0000440,S0005735,U001196,2025-12-25T09:48:49,4227.0,310.34,0.0,3916.66,Card
O0000441,S0005736,U000480,2025-10-24T16:31:21,8687.14,778.5,0.0,7908.64,Card
O0000442,S0005742,U000732,2025-11-10T03:30:57,8325.8,108.97,0.0,8216.83,UPI
O0000443,S0005747,U000163,2025-12-15T20:22:28,7629.61,614.93,0.0,7014.68,UPI
O0000444,S0005755,U001861,2025-12-03T13:50:13,4024.5,240.32,0.0,3784.18,Card
O0000445,S0005778,U001787,2025-11-10T12:27:48,5140.53,238.75,0.0,4901.78,NetBanking
O0000446,S0005785,,2026-01-01T12:11:34,7058.94,774.48,0.0,6284.46,UPI
O0000447,S0005791,U000798,2025-11-01T18:44:02,5887.08,572.59,0.0,5314.49,Card
O0000448,S0005812,U001258,2025-11-06T07:47:11,9285.03,1154.26,0.0,8130.77,Card
O0000449,S0005816,U000801,2025-10-31T06:49:16,3395.14,366.84,0.0,3028.3,Wallet
O0000450,S0005818,U000876,2025-10-29T03:45:19,4160.6,265.71,0.0,3894.89,Card
O0000451,S0005843,U001022,2025-10-31T01:02:46,3294.64,258.18,0.0,3036.46,Card
O0000452,S0005851,U000367,2025-12-09T03:07:09,9350.28,623.93,0.0,8726.35,Card
O0000453,S0005861,U001918,2025-12-19T01:01:33,12550.53,1148.73,0.0,11401.8,UPI
O0000454,S0005867,,2026-01-16T01:40:52,4503.36,450.58,0.0,4052.78,UPI
O0000455,S0005891,U000488,2025-10-31T04:40:06,13809.21,489.48,0.0,13319.73,Card
O0000456,S0005896,U001700,2025-11-02T19:00:05,13975.01,1221.62,0.0,12753.39,Card
O0000457,S0005912,U001050,2025-12-10T13:19:28,5438.81,682.7,0.0,4756.11,NetBanking
O0000458,S0005917,U001937,2025-12-11T05:38:04,4384.41,461.36,0.0,3923.05,UPI
O0000459,S0005918,U001086,2025-11-03T20:27:39,8936.39,406.99,0.0,8529.4,Card
O0000460,S0005926,U000610,2025-11-09T05:26:36,11878.53,777.65,0.0,11100.88,UPI
O0000461,S0005947,U001522,2025-11-25T06:20:43,786.93,68.24,49.87,768.56,Wallet
O0000462,S0005993,U001070,2025-11-15T17:13:26,6439.48,648.55,0.0,5790.93,UPI
O0000463,S0005997,U001640,2026-01-17T01:10:07,4338.16,512.54,0.0,3825.62,UPI
O0000464,S0005999,,2025-11-04T21:48:11,5659.42,216.99,0.0,5442.43,UPI
O0000465,S0006011,U000997,2026-01-03T22:32:40,7290.73,573.84,0.0,6716.89,Wallet
O0000466,S0006030,,2026-01-06T18:57:21,2655.5,39.96,0.0,2615.54,NetBanking
O0000467,S0006055,U001016,2025-12-22T22:55:33,13614.43,766.17,0.0,12848.26,UPI
O0000468,S0006061,U001445,2025-12-08T22:27:35,11766.82,455.26,0.0,11311.56,Card
O0000469,S0006063,U000826,2025-11-14T07:49:52,5632.47,421.83,0.0,5210.64,UPI
O0000470,S0006072,U001501,2025-11-25T05:29:39,13730.8,1528.36,0.0,12202.44,UPI
O0000471,S0006092,U000101,2025-12-04T14:05:19,7181.58,287.13,0.0,6894.45,Card
O0000472,S0006102,U001745,2025-11-25T13:56:38,4225.07,397.58,0.0,3827.49,COD
O0000473,S0006125,U001827,2025-11-28T03:24:09,5752.08,316.51,0.0,5435.57,UPI
O0000474,S0006126,U002006,2025-10-23T17:54:15,4935.36,114.79,0.0,4820.57,UPI
O0000475,S0006129,U001819,2025-11-19T03:39:43,9261.21,576.87,0.0,8684.34,NetBanking
O0000476,S0006141,U000448,2025-12-14T17:58:13,1701.25,140.4,99.46,1660.31,Card
O0000477,S0006143,U001037,2025-12-26T12:54:22,20930.41,1702.3,0.0,19228.11,COD
O0000478,S0006154,U001258,2025-11-18T14:26:10,7028.14,726.63,0.0,6301.51,NetBanking
O0000479,S0006159,,2025-11-13T20:19:21,4009.16,504.86,0.0,3504.3,UPI
O0000480,S0006176,U001140,2025-11-26T00:04:27,2083.85,99.06,0.0,1984.79,Card
O0000481,S0006192,U001829,2025-12-21T10:16:02,5205.6,446.73,0.0,4758.87,Card
O0000482,S0006195,U001534,2025-10-29T10:36:16,4899.88,279.07,0.0,4620.81,COD
O0000483,S0006204,U000938,2025-11-06T14:05:58,15563.55,1266.78,0.0,14296.77,NetBanking
O0000484,S0006208,,2025-11-02T19:45:53,8237.51,621.25,0.0,7616.26,UPI
O0000485,S0006219,U000227,2025-12-17T11:34:39,9076.23,964.41,0.0,8111.82,Card
O0000486,S0006228,U000256,2025-10-21T14:41:34,2121.74,92.83,0.0,2028.91,UPI
O0000487,S0006237,U001836,2025-11-05T10:04:33,3207.32,227.83,0.0,2979.49,Card
O0000488,S0006263,U002095,2026-01-09T09:12:02,7932.11,672.72,0.0,7259.39,UPI
O0000489,S0006264,U000326,2025-12-25T04:16:08,12084.07,999.34,0.0,11084.73,Card
O0000490,S0006273,U000378,2026-01-01T12:18:31,9479.53,596.53,0.0,8883.0,Wallet
O0000491,S0006279,U001425,2025-12-23T00:57:09,10392.23,1105.18,0.0,9287.05,Wallet
O0000492,S0006284,U000966,2025-12-02T14:51:48,4137.51,369.08,0.0,3768.43,Wallet
O0000493,S0006294,U002154,2025-12-25T13:36:17,8974.0,505.19,0.0,8468.81,Wallet
O0000494,S0006306,,2025-12-27T20:03:27,8408.4,606.31,0.0,7802.09,Card
O0000495,S0006310,U000281,2025-11-10T21:19:03,16373.04,1451.36,0.0,14921.68,NetBanking
O0000496,S0006312,,2025-10-30T14:28:10,3509.21,252.84,0.0,3256.37,UPI
O0000497,S0006313,U000789,2026-01-15T19:01:18,1025.08,56.81,64.88,1033.15,UPI
O0000498,S0006335,U001996,2026-01-19T09:08:01,3419.88,250.67,0.0,3169.21,UPI
O0000499,S0006356,,2026-01-10T12:11:18,17645.52,1260.65,0.0,16384.87,Wallet
O0000500,S0006363,U000987,2026-01-15T21:27:03,8142.53,807.08,0.0,7335.45,Wallet
O0000501,S0006369,U001133,2025-11-07T16:26:49,11966.23,949.99,0.0,11016.24,NetBanking
O0000502,S0006432,U001414,2025-12-15T23:07:16,16944.26,707.32,0.0,16236.94,NetBanking
O0000503,S0006442,U001970,2025-11-27T06:33:11,13022.6,2049.49,0.0,10973.11,UPI
O0000504,S0006446,U000113,2025-11-05T23:33:47,4961.58,264.85,0.0,4696.73,Card
O0000505,S0006447,U000944,2026-01-14T09:16:56,12605.15,1268.61,0.0,11336.54,Card
O0000506,S0006463,U000389,2026-01-04T01:46:05,2893.24,115.43,0.0,2777.81,Card
O0000507,S0006466,U000042,2026-01-11T04:13:19,631.13,78.57,43.0,595.56,Card
O0000508,S0006478,U001183,2025-12-31T17:14:06,9743.43,1080.67,0.0,8662.76,UPI
O0000509,S0006488,U000082,2026-01-12T11:52:48,9604.86,633.94,0.0,8970.92,UPI
O0000510,S0006491,U001420,2025-10-25T16:29:27,14641.26,835.87,0.0,13805.39,UPI
O0000511,S0006529,U001166,2025-12-07T03:14:24,1618.95,46.79,71.45,1643.61,Card
O0000512,S0006539,U001323,2026-01-06T06:02:05,5417.28,227.33,0.0,5189.95,Card
O0000513,S0006546,U000447,2025-10-31T10:25:00,9273.75,1068.83,0.0,8204.92,Wallet
O0000514,S0006562,U000438,2025-11-06T09:48:24,1630.78,141.5,87.61,1576.89,UPI
O0000515,S0006564,U001796,2025-12-16T05:16:10,501.35,27.97,67.28,540.66,Card
O0000516,S0006567,U000996,2026-01-02T01:03:49,6232.64,944.64,0.0,5288.0,UPI
O0000517,S0006580,U002138,2025-10-28T06:31:00,3744.93,175.54,0.0,3569.39,COD
O0000518,S0006594,U000169,2025-12-02T02:56:55,4300.32,74.33,0.0,4225.99,UPI
O0000519,S0006600,U001473,2025-11-14T17:03:32,12874.86,844.44,0.0,12030.42,COD
O0000520,S0006618,U000748,2025-12-23T20:56:50,7969.1,273.82,0.0,7695.28,UPI
O0000521,S0006625,U002134,2025-12-13T18:59:12,7149.7,758.36,0.0,6391.34,Wallet
O0000522,S0006629,U002079,2025-12-19T08:17:30,5197.55,274.06,0.0,4923.49,UPI
O0000523,S0006661,U000224,2026-01-09T19:06:07,12776.95,972.35,0.0,11804.6,Card
O0000524,S0006665,U001633,2025-11-21T03:41:44,3114.88,267.48,0.0,2847.4,Wallet
O0000525,S0006666,U000407,2025-12-07T09:44:15,1842.06,135.1,70.14,1777.1,Card
O0000526,S0006667,U000258,2026-01-12T11:55:50,5335.58,253.12,0.0,5082.46,Card
O0000527,S0006668,,2025-11-08T11:04:37,7151.4,809.57,0.0,6341.83,Card
O0000528,S0006671,U000387,2025-12-02T00:21:48,4467.39,112.06,0.0,4355.33,UPI
O0000529,S0006674,U001182,2025-11-28T03:40:11,3811.76,301.28,0.0,3510.48,UPI
O0000530,S0006687,,2025-11-21T21:52:53,8112.71,532.25,0.0,7580.46,Card
O0000531,S0006715,U000655,2025-11-25T09:47:29,11273.68,894.6,0.0,10379.08,NetBanking
O0000532,S0006718,U000704,2025-11-04T06:59:40,3720.96,303.87,0.0,3417.09,COD
O0000533,S0006768,U001856,2025-11-13T08:29:26,4000.33,247.11,0.0,3753.22,NetBanking
O0000534,S0006789,U000382,2026-01-03T14:18:21,3700.8,178.17,0.0,3522.63,UPI
O0000535,S0006805,U000196,2025-12-31T20:51:04,3199.43,334.23,0.0,2865.2,UPI
O0000536,S0006809,U001004,2025-11-05T22:28:19,1372.4,80.52,113.12,1405.0,COD
O0000537,S0006832,,2025-12-03T20:06:26,2103.75,336.07,0.0,1767.68,UPI
O0000538,S0006833,U001973,2025-12-06T11:26:44,10369.68,714.71,0.0,9654.97,UPI
O0000539,S0006866,U000420,2025-11-13T15:04:21,1543.84,167.6,73.82,1450.06,UPI
O0000540,S0006882,U000338,2026-01-11T02:24:45,15345.25,548.99,0.0,14796.26,Card
O0000541,S0006899,U001455,2025-12-24T03:47:27,1892.5,246.58,100.1,1746.02,NetBanking
O0000542,S0006902,U000529,2025-12-06T13:45:27,1842.06,142.17,115.29,1815.18,UPI
O0000543,S0006904,U002005,2025-11-20T02:19:58,15084.89,1033.85,0.0,14051.04,Card
O0000544,S0006917,U001730,2026-01-06T10:13:10,8452.62,901.0,0.0,7551.62,UPI
O0000545,S0006924,U000713,2025-12-17T04:51:23,17572.22,1000.25,0.0,16571.97,Card
O0000546,S0006931,U001655,2025-12-20T04:09:58,2578.93,140.47,0.0,2438.46,Card
O0000547,S0006943,U000215,2025-11-26T11:18:12,2332.18,226.3,0.0,2105.88,Wallet
O0000548,S0006949,U000148,2025-11-23T00:50:48,2531.4,125.65,0.0,2405.75,COD
O0000549,S0006952,U002182,2025-12-18T03:00:39,7245.1,385.99,0.0,6859.11,UPI
O0000550,S0006954,U000786,2025-12-23T21:36:09,6381.94,693.66,0.0,5688.28,Card
O0000551,S0006994,,2026-01-15T08:02:51,10252.09,463.52,0.0,9788.57,UPI
O0000552,S0007012,U000204,2025-11-23T19:31:22,11348.99,567.19,0.0,10781.8,UPI
O0000553,S0007017,U001533,2025-12-09T03:32:33,2391.84,106.21,0.0,2285.63,Card
O0000554,S0007022,U001150,2025-10-31T09:42:19,21171.81,793.96,0.0,20377.85,UPI
O0000555,S0007034,U001712,2026-01-11T19:15:07,10550.65,842.36,0.0,9708.29,UPI
O0000556,S0007049,,2025-12-18T14:14:52,2669.41,235.54,0.0,2433.87,Wallet
O0000557,S0007081,U000249,2025-11-03T09:30:12,9347.85,875.05,0.0,8472.8,UPI
O0000558,S0007093,U001350,2025-12-10T22:21:25,11588.46,617.35,0.0,10971.11,UPI
O0000559,S0007108,U000211,2025-12-01T03:11:40,11791.2,681.28,0.0,11109.92,UPI
O0000560,S0007112,U002058,2025-11-02T09:51:30,4558.56,309.43,0.0,4249.13,UPI
O0000561,S0007114,U001527,2025-12-16T16:20:27,2411.32,136.93,0.0,2274.39,Card
O0000562,S0007129,U000944,2026-01-19T05:57:53,5725.6,644.22,0.0,5081.38,Card
O0000563,S0007159,U001523,2025-12-09T04:35:37,10920.58,1087.19,0.0,9833.39,Card
O0000564,S0007165,,2025-12-29T04:48:27,6344.33,672.71,0.0,5671.62,COD
O0000565,S0007175,U000198,2025-12-12T01:00:34,4851.22,27.59,0.0,4823.63,Card
O0000566,S0007178,U001995,2026-01-14T12:05:30,6700.5,291.39,0.0,6409.11,NetBanking
O0000567,S0007190,U000110,2025-12-16T01:26:55,7841.45,341.1,0.0,7500.35,NetBanking
O0000568,S0007197,,2025-12-31T05:07:59,2792.1,152.99,0.0,2639.11,UPI
O0000569,S0007199,U001200,2025-11-20T02:13:04,3762.42,370.28,0.0,3392.14,UPI
O0000570,S0007200,,2025-11-22T14:39:30,9913.89,884.97,0.0,9028.92,COD
O0000571,S0007211,U002120,2026-01-06T21:33:04,9026.8,1102.13,0.0,7924.67,UPI
O0000572,S0007222,U001056,2025-12-28T08:15:23,12190.62,749.85,0.0,11440.77,Wallet
O0000573,S0007254,U001372,2026-01-11T11:42:46,3556.82,442.11,0.0,3114.71,UPI
O0000574,S0007265,U000280,2025-12-03T01:53:51,4271.86,164.15,0.0,4107.71,Wallet
O0000575,S0007269,U000142,2025-12-21T23:39:21,16561.13,1831.04,0.0,14730.09,Card
O0000576,S0007276,U001490,2025-10-22T13:57:29,3483.01,206.74,0.0,3276.27,Wallet
O0000577,S0007287,U000816,2026-01-14T22:12:19,4026.47,153.37,0.0,3873.1,COD
O0000578,S0007315,U001486,2025-12-02T19:06:13,7234.1,464.17,0.0,6769.93,UPI
O0000579,S0007317,U001283,2025-11-17T05:17:29,4180.96,378.62,0.0,3802.34,Card
O0000580,S0007324,U001919,2025-12-29T08:06:50,12308.46,390.6,0.0,11917.86,COD
O0000581,S0007329,U002077,2025-10-24T15:35:28,10061.3,931.61,0.0,9129.69,UPI
O0000582,S0007338,U001933,2025-12-27T13:50:44,1590.06,123.66,52.76,1519.16,Card
O0000583,S0007347,U000535,2025-12-26T13:43:48,6736.02,0.0,0.0,6736.02,UPI
O0000584,S0007355,U000794,2026-01-07T05:42:11,4832.53,358.48,0.0,4474.05,UPI
O0000585,S0007411,,2026-01-18T09:07:15,4557.3,473.76,0.0,4083.54,Card
O0000586,S0007443,U001379,2026-01-12T07:53:28,19603.73,1537.29,0.0,18066.44,Card
O0000587,S0007444,U000509,2025-12-19T17:10:32,8374.55,650.77,0.0,7723.78,Wallet
O0000588,S0007445,,2025-11-07T12:01:14,8156.47,670.79,0.0,7485.68,UPI
O0000589,S0007456,U001334,2025-11-11T18:25:16,3611.37,374.82,0.0,3236.55,UPI
O0000590,S0007466,U001883,2026-01-16T17:06:42,7357.0,508.8,0.0,6848.2,COD
O0000591,S0007471,U000476,2025-10-26T14:28:57,6256.31,315.81,0.0,5940.5,Wallet
O0000592,S0007479,U000649,2025-12-25T01:29:35,2578.93,265.11,0.0,2313.82,Card
O0000593,S0007490,U000292,2026-01-04T22:08:23,19076.97,1982.17,0.0,17094.8,Wallet
O0000594,S0007494,,2025-11-19T19:58:38,14198.34,431.68,0.0,13766.66,Card
O0000595,S0007504,U000978,2025-12-11T16:52:14,8719.26,449.59,0.0,8269.67,Wallet
O0000596,S0007521,U000338,2026-01-14T15:59:58,13550.77,900.19,0.0,12650.58,Wallet
O0000597,S0007530,U000551,2025-11-12T02:05:56,2755.86,154.15,0.0,2601.71,Card
O0000598,S0007540,,2026-01-05T11:24:20,7535.12,465.36,0.0,7069.76,Card
O0000599,S0007543,U001935,2025-10-27T17:31:59,3587.69,215.03,0.0,3372.66,Card
O0000600,S0007554,U001204,2025-10-28T19:48:04,8872.95,819.36,0.0,8053.59,UPI
O0000601,S0007595,U000057,2025-12-21T11:28:23,3776.75,416.0,0.0,3360.75,Card
O0000602,S0007597,U001748,2025-12-08T01:19:24,10389.62,382.39,0.0,10007.23,Wallet
O0000603,S0007617,U001761,2026-01-12T22:23:15,6774.82,714.62,0.0,6060.2,Wallet
O0000604,S0007621,U001486,2026-01-11T05:21:46,7977.1,480.88,0.0,7496.22,Wallet
O0000605,S0007643,U001509,2026-01-04T02:01:45,10166.3,851.25,0.0,9315.05,UPI
O0000606,S0007685,U000753,2025-12-31T21:33:52,7324.97,254.66,0.0,7070.31,Card
O0000607,S0007689,U000206,2025-12-04T05:09:20,13681.59,463.29,0.0,13218.3,Card
O0000608,S0007704,U000648,2025-10-21T20:05:05,5186.95,418.45,0.0,4768.5,Card
O0000609,S0007708,U000626,2026-01-05T15:50:41,16886.64,625.19,0.0,16261.45,COD
O0000610,S0007716,U001669,2026-01-13T05:19:46,3466.66,148.47,0.0,3318.19,UPI
O0000611,S0007721,,2025-11-12T10:46:30,4250.51,368.35,0.0,3882.16,Wallet
O0000612,S0007730,U002077,2025-11-18T20:27:51,9123.63,856.35,0.0,8267.28,Wallet
O0000613,S0007731,U001854,2025-10-23T13:39:28,1712.3,127.46,97.16,1682.0,Card
O0000614,S0007751,U002139,2025-12-23T15:40:44,5145.89,200.75,0.0,4945.14,Card
O0000615,S0007769,,2025-11-12T22:54:15,4517.36,700.63,0.0,3816.73,Wallet
O0000616,S0007789,U002161,2025-10-27T19:48:00,8245.29,686.4,0.0,7558.89,Wallet
O0000617,S0007827,,2026-01-03T19:42:59,15610.6,1575.34,0.0,14035.26,Card
O0000618,S0007837,U000400,2025-11-23T08:48:00,13445.68,576.7,0.0,12868.98,COD
O0000619,S0007859,U001541,2025-11-02T13:11:31,10797.3,826.58,0.0,9970.72,UPI
O0000620,S0007870,U001049,2026-01-08T14:34:26,2568.39,0.0,0.0,2568.39,Wallet
O0000621,S0007874,U000439,2025-11-12T21:34:32,6210.51,323.41,0.0,5887.1,UPI
O0000622,S0007879,U000578,2025-11-06T10:20:12,3402.5,164.57,0.0,3237.93,Wallet
O0000623,S0007898,U000887,2025-12-24T20:47:30,2952.08,241.66,0.0,2710.42,Card
O0000624,S0007928,,2025-10-27T19:22:13,10602.01,186.26,0.0,10415.75,UPI
O0000625,S0007933,U002036,2025-12-24T07:55:09,3738.69,317.68,0.0,3421.01,Card
O0000626,S0007942,U000957,2026-01-19T09:43:20,11288.1,660.89,0.0,10627.21,NetBanking
O0000627,S0007953,U001781,2025-11-06T21:34:00,13445.4,306.96,0.0,13138.44,UPI
O0000628,S0007954,U001295,2025-12-06T13:19:56,12923.53,1374.41,0.0,11549.12,Card
O0000629,S0007970,U000951,2025-11-02T16:15:24,14772.59,825.22,0.0,13947.37,Card
O0000630,S0007976,U001487,2025-12-06T16:18:32,3619.74,355.55,0.0,3264.19,Card
O0000631,S0007978,U000933,2025-12-13T09:52:21,10036.05,572.52,0.0,9463.53,Card
O0000632,S0007982,U000309,2025-12-24T08:10:01,13231.05,1408.34,0.0,11822.71,Wallet
O0000633,S0007997,U001946,2025-11-15T14:20:53,5181.27,295.37,0.0,4885.9,UPI
O0000634,S0008034,U000586,2025-11-09T18:56:12,2128.13,163.57,0.0,1964.56,NetBanking
O0000635,S0008039,U000512,2025-10-28T13:27:43,13845.01,1162.81,0.0,12682.2,Card
O0000636,S0008090,U000002,2025-11-14T09:34:01,12556.93,924.23,0.0,11632.7,NetBanking
O0000637,S0008106,U001126,2025-10-25T02:42:22,3309.38,211.04,0.0,3098.34,Wallet
O0000638,S0008153,,2025-11-23T04:55:51,7735.68,446.59,0.0,7289.09,UPI
O0000639,S0008155,U001952,2025-10-28T09:46:38,9907.38,1061.74,0.0,8845.64,Card
O0000640,S0008159,U002128,2025-12-17T21:46:51,9446.84,888.77,0.0,8558.07,NetBanking
O0000641,S0008167,,2025-12-24T10:44:04,5769.91,476.83,0.0,5293.08,Card
O0000642,S0008169,U000359,2026-01-02T22:37:05,8212.47,451.5,0.0,7760.97,UPI
O0000643,S0008181,U001205,2025-12-14T19:03:49,16611.73,1008.14,0.0,15603.59,COD
O0000644,S0008208,U002154,2025-12-04T17:53:47,8851.2,530.21,0.0,8320.99,Wallet
O0000645,S0008209,,2025-12-05T07:52:37,9671.96,1193.77,0.0,8478.19,UPI
O0000646,S0008210,U001615,2026-01-16T14:21:57,786.93,12.01,48.38,823.3,Card
O0000647,S0008239,U001610,2025-11-27T01:46:52,6764.54,668.99,0.0,6095.55,Card
O0000648,S0008253,U000070,2026-01-04T00:18:42,8563.61,667.05,0.0,7896.56,Card
O0000649,S0008261,U000673,2025-11-29T18:50:42,5571.82,375.9,0.0,5195.92,UPI
O0000650,S0008264,U000775,2025-12-20T18:54:53,8471.72,735.05,0.0,7736.67,Wallet
O0000651,S0008319,U000289,2026-01-07T03:30:21,12496.06,654.13,0.0,11841.93,COD
O0000652,S0008323,U001491,2025-12-14T07:38:04,7186.88,376.51,0.0,6810.37,Wallet
O0000653,S0008347,,2025-12-09T02:18:00,6231.42,642.24,0.0,5589.18,COD
O0000654,S0008362,U001793,2025-11-01T02:43:33,13994.15,777.19,0.0,13216.96,Wallet
O0000655,S0008380,U000797,2025-11-22T21:36:59,12756.08,1145.92,0.0,11610.16,UPI
O0000656,S0008391,U001588,2025-12-22T06:38:06,1123.47,76.08,83.32,1130.71,COD
O0000657,S0008400,,2025-11-21T09:52:58,3558.61,278.59,0.0,3280.02,UPI
O0000658,S0008404,U000990,2025-11-11T02:31:06,19842.99,982.22,0.0,18860.77,NetBanking
O0000659,S0008408,U000685,2025-11-24T22:42:15,4558.52,777.75,0.0,3780.77,Card
O0000660,S0008410,U000241,2025-11-04T14:19:10,6275.55,570.34,0.0,5705.21,UPI
O0000661,S0008411,,2025-11-24T17:07:35,3501.63,187.26,0.0,3314.37,UPI
O0000662,S0008412,U000255,2025-11-09T04:17:13,934.62,82.49,100.19,952.32,Card
O0000663,S0008446,U000146,2025-12-03T17:49:48,6325.65,453.82,0.0,5871.83,Card
O0000664,S0008454,U000382,2026-01-02T01:05:28,2045.36,56.95,0.0,1988.41,UPI
O0000665,S0008460,U001732,2025-10-26T02:47:25,2269.74,214.01,0.0,2055.73,UPI
O0000666,S0008490,,2025-12-06T00:57:58,11898.8,1120.04,0.0,10778.76,NetBanking
O0000667,S0008520,U001858,2025-11-08T21:15:10,3700.8,548.26,0.0,3152.54,Card
O0000668,S0008538,U000114,2025-10-28T14:19:24,7736.79,642.47,0.0,7094.32,UPI
O0000669,S0008544,U000784,2025-12-19T01:21:03,9080.32,987.55,0.0,8092.77,UPI
O0000670,S0008552,U000041,2025-11-06T12:43:35,8212.14,690.59,0.0,7521.55,COD
O0000671,S0008560,U001424,2025-12-09T10:39:30,13182.89,1020.88,0.0,12162.01,UPI
O0000672,S0008583,U000481,2025-11-16T14:30:54,5086.92,169.95,0.0,4916.97,NetBanking
O0000673,S0008592,U000871,2025-12-30T09:41:32,2095.55,193.22,0.0,1902.33,Wallet
O0000674,S0008604,,2025-11-14T13:26:05,6170.02,834.31,0.0,5335.71,UPI
O0000675,S0008621,U000017,2025-11-09T03:06:16,5956.7,213.02,0.0,5743.68,UPI
O0000676,S0008637,U000217,2025-11-20T09:10:14,1712.26,135.33,79.72,1656.65,Card
O0000677,S0008651,U000066,2025-12-14T09:32:12,19893.62,1721.68,0.0,18171.94,Card
O0000678,S0008659,U000628,2025-12-30T06:47:13,6490.03,594.23,0.0,5895.8,UPI
O0000679,S0008669,U002027,2025-12-14T22:28:17,12054.08,1281.57,0.0,10772.51,Wallet
O0000680,S0008681,,2025-11-28T17:19:42,9908.73,769.93,0.0,9138.8,COD
O0000681,S0008683,U000354,2025-12-09T02:18:59,2228.76,185.98,0.0,2042.78,UPI
O0000682,S0008709,U001207,2025-11-28T15:18:45,14200.25,916.78,0.0,13283.47,Wallet
O0000683,S0008724,U000896,2025-11-14T10:07:24,12694.97,487.12,0.0,12207.85,Wallet
O0000684,S0008729,U000683,2025-10-24T03:21:55,5754.88,165.47,0.0,5589.41,Card
O0000685,S0008771,U000916,2025-12-02T09:40:14,1576.61,205.29,98.45,1469.77,UPI
O0000686,S0008775,U001857,2025-10-29T07:31:15,2240.13,133.97,0.0,2106.16,Wallet
O0000687,S0008792,U001674,2026-01-01T02:45:33,3792.65,381.6,0.0,3411.05,Wallet
O0000688,S0008810,U000633,2025-12-24T14:12:37,6911.44,660.18,0.0,6251.26,UPI
O0000689,S0008812,U001347,2025-12-20T08:39:45,7745.91,846.73,0.0,6899.18,COD
O0000690,S0008816,,2025-11-26T13:26:29,13628.31,752.62,0.0,12875.69,UPI
O0000691,S0008828,U000053,2025-11-26T05:37:14,4974.33,157.9,0.0,4816.43,Wallet
O0000692,S0008832,U000179,2025-12-09T13:24:47,3599.96,215.67,0.0,3384.29,Card
O0000693,S0008833,,2025-11-26T13:44:27,7115.5,466.75,0.0,6648.75,UPI
O0000694,S0008841,U001917,2026-01-07T14:18:11,22363.54,934.59,0.0,21428.95,UPI
O0000695,S0008863,,2026-01-04T21:17:59,14471.99,1092.98,0.0,13379.01,COD
O0000696,S0008866,U000531,2025-11-18T21:41:08,2330.38,134.44,0.0,2195.94,UPI
O0000697,S0008876,U001764,2026-01-02T10:36:36,10960.01,929.89,0.0,10030.12,UPI
O0000698,S0008893,U001650,2025-11-17T03:22:31,8432.16,568.59,0.0,7863.57,Wallet
O0000699,S0008908,,2026-01-12T10:43:03,9354.79,295.26,0.0,9059.53,Card
O0000700,S0008913,U001561,2025-10-25T16:49:15,1882.85,149.33,66.04,1799.56,Wallet
O0000701,S0008916,U000494,2026-01-17T09:39:46,16581.33,970.63,0.0,15610.7,UPI
O0000702,S0008946,U000601,2025-12-12T21:02:03,10416.26,636.96,0.0,9779.3,Wallet
O0000703,S0008962,U001124,2026-01-08T20:03:10,10599.81,822.63,0.0,9777.18,Card
O0000704,S0008966,U002024,2025-11-22T13:36:37,826.94,27.96,45.42,844.4,COD
O0000705,S0008969,U000828,2025-10-30T08:45:06,4952.35,400.3,0.0,4552.05,Card
O0000706,S0008978,U000505,2026-01-14T10:29:53,13693.76,506.81,0.0,13186.95,UPI
O0000707,S0008985,,2025-11-04T13:26:56,3521.3,242.6,0.0,3278.7,UPI
